Publish Date,Title,Pillar,Content Type,Keyword,Word Count,Priority,Status
2025-09-11,"How to 5 minute trading strategy: Step-by-Step Guide",Trading Strategies & Systems,tutorial,5 minute trading strategy,1800,NaN,planned
2025-09-11,"Understanding Australia forex regulation",Regulation & Safety,explanation,Australia forex regulation,1000,NaN,planned
2025-09-14,"learn forex trading best: A Beginner's Guide",Trading Education & Tutorials,how_to,learn forex trading best,1200,NaN,planned
2025-09-14,"ecn forex broker Review 2025",Broker Reviews & Comparisons,review,ecn forex broker review,1500,NaN,planned
2025-09-15,"How to forex trading guide comparison: Step-by-Step Guide",Trading Education & Tutorials,tutorial,forex trading guide comparison,1800,NaN,planned
2025-09-15,"The Ultimate Guide to trading systems best",Trading Strategies & Systems,guide,trading systems best,2500,NaN,planned
2025-09-16,"forex broker comparison review: Which One is Best for You?",Broker Reviews & Comparisons,comparison,forex broker comparison review,2000,NaN,planned
2025-09-16,"best forex trading platform cheapest: Pros, Cons, and Verdict",Platform & Tool Reviews,review,best forex trading platform cheapest,1500,NaN,planned
2025-09-17,"Step-by-Step: forex trading guide vs",Trading Education & Tutorials,how_to,forex trading guide vs,1200,NaN,planned
2025-09-17,"Understanding ecn account for beginners",Account Types & Features,explanation,ecn account for beginners,1000,NaN,planned
2025-09-18,"Master trading systems best: Complete Tutorial",Trading Strategies & Systems,tutorial,trading systems best,1800,NaN,planned
2025-09-18,"Complete South Africa forex regulation Guide for 2025",Regulation & Safety,guide,South Africa forex regulation,2500,NaN,planned
2025-09-21,"How to forex demo account guide: Step-by-Step Guide",Trading Education & Tutorials,tutorial,forex demo account guide,1800,NaN,planned
2025-09-21,"Top 5 forex broker reviews comparison for Traders",Broker Reviews & Comparisons,listicle,forex broker reviews comparison,1200,NaN,planned
2025-09-22,"How to live forex account guide: Step-by-Step Guide",Trading Education & Tutorials,tutorial,live forex account guide,1800,NaN,planned
2025-09-22,"trading systems how to Tutorial for Beginners",Trading Strategies & Systems,tutorial,trading systems how to,1800,NaN,planned
2025-09-23,"australian forex brokers review - Complete Comparison Guide",Broker Reviews & Comparisons,comparison,australian forex brokers review,2000,NaN,planned
2025-09-23,"best forex trading platform Review 2025",Platform & Tool Reviews,review,best forex trading platform,1500,NaN,planned
2025-09-24,"forex trading for beginners best: A Beginner's Guide",Trading Education & Tutorials,how_to,forex trading for beginners best,1200,NaN,planned
2025-09-24,"The Ultimate Guide to domestic payment methods",Account Types & Features,guide,domestic payment methods,2500,NaN,planned
2025-09-25,"Master trading systems how to: Complete Tutorial",Trading Strategies & Systems,tutorial,trading systems how to,1800,NaN,planned
2025-09-25,"Understanding Canada forex regulation",Regulation & Safety,explanation,Canada forex regulation,1000,NaN,planned
2025-09-28,"How to forex trading for beginners comparison: Step-by-Step Guide",Trading Education & Tutorials,tutorial,forex trading for beginners comparison,1800,NaN,planned
2025-09-28,"10 Things You Should Know About forex broker ratings review",Broker Reviews & Comparisons,listicle,forex broker ratings review,1200,NaN,planned
2025-09-29,"Complete forex trading for beginners top Guide for 2025",Trading Education & Tutorials,guide,forex trading for beginners top,2500,NaN,planned
2025-09-29,"Case Study: long term trading strategy Success",Trading Strategies & Systems,case_study,long term trading strategy,2000,NaN,planned
2025-09-30,"forex broker reviews cheapest: Pros, Cons, and Verdict",Broker Reviews & Comparisons,review,forex broker reviews cheapest,1500,NaN,planned
2025-09-30,"How to best forex trading platform guide: Step-by-Step Guide",Platform & Tool Reviews,tutorial,best forex trading platform guide,1800,NaN,planned
2025-10-01,"best time to trade forex for beginners: A Beginner's Guide",Trading Education & Tutorials,how_to,best time to trade forex for beginners,1200,NaN,planned
2025-10-01,"withdrawal issue solutions - Complete Comparison Guide",Account Types & Features,comparison,withdrawal issue solutions,2000,NaN,planned
2025-10-02,"long term trading strategy: Real Results",Trading Strategies & Systems,case_study,long term trading strategy,2000,NaN,planned
2025-10-02,"10 Things You Should Know About Austria forex regulation",Regulation & Safety,listicle,Austria forex regulation,1200,NaN,planned
2025-10-05,"Master forex trading for advanced: Complete Tutorial",Trading Education & Tutorials,tutorial,forex trading for advanced,1800,NaN,planned
2025-10-05,"Top 5 european forex brokers review for Traders",Broker Reviews & Comparisons,listicle,european forex brokers review,1200,NaN,planned
2025-10-06,"forex trading sessions for advanced Tutorial for Beginners",Trading Education & Tutorials,tutorial,forex trading sessions for advanced,1800,NaN,planned
2025-10-06,"Complete 1 hour trading strategy Guide for 2025",Trading Strategies & Systems,guide,1 hour trading strategy,2500,NaN,planned
2025-10-07,"Top 5 forex broker fees review for Traders",Broker Reviews & Comparisons,listicle,forex broker fees review,1200,NaN,planned
2025-10-07,"best forex trading platform comparison: Which One is Best for You?",Platform & Tool Reviews,comparison,best forex trading platform comparison,2000,NaN,planned
2025-10-08,"forex trading strategies for advanced: Everything You Need to Know",Trading Education & Tutorials,guide,forex trading strategies for advanced,2500,NaN,planned
2025-10-08,"ecn account in usa Explained Simply",Account Types & Features,explanation,ecn account in usa,1000,NaN,planned
2025-10-09,"1 hour trading strategy Tutorial for Beginners",Trading Strategies & Systems,tutorial,1 hour trading strategy,1800,NaN,planned
2025-10-09,"Top 5 South Korea forex regulation for Traders",Regulation & Safety,listicle,South Korea forex regulation,1200,NaN,planned
2025-10-12,"The Ultimate Guide to audusd trading for advanced",Trading Education & Tutorials,guide,audusd trading for advanced,2500,NaN,planned
2025-10-12,"forex broker reviews for advanced Review 2025",Broker Reviews & Comparisons,review,forex broker reviews for advanced,1500,NaN,planned
2025-10-13,"How to forex trading guide best: Step-by-Step Guide",Trading Education & Tutorials,tutorial,forex trading guide best,1800,NaN,planned
2025-10-13,"trading systems comparison: Lessons from the Pros",Trading Strategies & Systems,case_study,trading systems comparison,2000,NaN,planned
2025-10-14,"Top ecn forex broker review Compared",Broker Reviews & Comparisons,comparison,ecn forex broker review,2000,NaN,planned
2025-10-14,"Master best forex trading platform 2025: Complete Tutorial",Platform & Tool Reviews,tutorial,best forex trading platform 2025,1800,NaN,planned
2025-10-15,"How to forex trading guide comparison: Step-by-Step Guide",Trading Education & Tutorials,tutorial,forex trading guide comparison,1800,NaN,planned
2025-10-15,"The Ultimate Guide to fast withdrawal forex",Account Types & Features,guide,fast withdrawal forex,2500,NaN,planned
2025-10-16,"trading systems comparison Tutorial for Beginners",Trading Strategies & Systems,tutorial,trading systems comparison,1800,NaN,planned
2025-10-16,"Complete Hong Kong forex regulation Guide for 2025",Regulation & Safety,guide,Hong Kong forex regulation,2500,NaN,planned
2025-10-19,"best time to trade forex: Everything You Need to Know",Trading Education & Tutorials,guide,best time to trade forex guide,2500,NaN,planned
2025-10-19,"forex broker reviews 2025 - Complete Comparison Guide",Broker Reviews & Comparisons,comparison,forex broker reviews 2025,2000,NaN,planned
2025-10-20,"best time to trade forex Tutorial for Beginners",Trading Education & Tutorials,tutorial,best time to trade forex tutorial,1800,NaN,planned
2025-10-20,"trading systems for advanced Tutorial for Beginners",Trading Strategies & Systems,tutorial,trading systems for advanced,1800,NaN,planned
2025-10-21,"forex broker reviews comparison: Which One is Best for You?",Broker Reviews & Comparisons,comparison,forex broker reviews comparison,2000,NaN,planned
2025-10-21,"best forex trading platform how to: Which One is Best for You?",Platform & Tool Reviews,comparison,best forex trading platform how to,2000,NaN,planned
2025-10-22,"How to live forex account guide: Step-by-Step Guide",Trading Education & Tutorials,tutorial,live forex account guide,1800,NaN,planned
2025-10-22,"withdrawal processing time - Complete Comparison Guide",Account Types & Features,comparison,withdrawal processing time,2000,NaN,planned
2025-10-23,"Case Study: trading systems for advanced Success",Trading Strategies & Systems,case_study,trading systems for advanced,2000,NaN,planned
2025-10-23,"Belgium forex regulation Explained Simply",Regulation & Safety,explanation,Belgium forex regulation,1000,NaN,planned
2025-10-26,"Step-by-Step: forex trading basics top",Trading Education & Tutorials,how_to,forex trading basics top,1200,NaN,planned
2025-10-26,"forex broker comparison review: Which One is Best for You?",Broker Reviews & Comparisons,comparison,forex broker comparison review,2000,NaN,planned
2025-10-27,"The Ultimate Guide to forex trading basics vs",Trading Education & Tutorials,guide,forex trading basics vs,2500,NaN,planned
2025-10-27,"1 minute trading strategy Tutorial for Beginners",Trading Strategies & Systems,tutorial,1 minute trading strategy,1800,NaN,planned
2025-10-28,"Top forex broker ratings review Compared",Broker Reviews & Comparisons,comparison,forex broker ratings review,2000,NaN,planned
2025-10-28,"best forex trading platform for advanced - Complete Comparison Guide",Platform & Tool Reviews,comparison,best forex trading platform for advanced,2000,NaN,planned
2025-10-29,"Master forex trading for beginners top: Complete Tutorial",Trading Education & Tutorials,tutorial,forex trading for beginners top,1800,NaN,planned
2025-10-29,"ecn account most reliable: Everything You Need to Know",Account Types & Features,guide,ecn account most reliable,2500,NaN,planned
2025-10-30,"1 minute trading strategy: Lessons from the Pros",Trading Strategies & Systems,case_study,1 minute trading strategy,2000,NaN,planned
2025-10-30,"Complete Argentina forex regulation Guide for 2025",Regulation & Safety,guide,Argentina forex regulation,2500,NaN,planned
2025-11-02,"How to best time to trade forex for advanced: Step-by-Step Guide",Trading Education & Tutorials,tutorial,best time to trade forex for advanced,1800,NaN,planned
2025-11-02,"australian forex brokers Review 2025",Broker Reviews & Comparisons,review,australian forex brokers review,1500,NaN,planned
2025-11-03,"Complete stop loss for advanced Guide for 2025",Trading Education & Tutorials,guide,stop loss for advanced,2500,NaN,planned
2025-11-03,"trading systems vs: Real Results",Trading Strategies & Systems,case_study,trading systems vs,2000,NaN,planned
2025-11-04,"european forex brokers review: Which One is Best for You?",Broker Reviews & Comparisons,comparison,european forex brokers review,2000,NaN,planned
2025-11-04,"Top best forex trading platform best Compared",Platform & Tool Reviews,comparison,best forex trading platform best,2000,NaN,planned
2025-11-05,"Master forex trading sessions for advanced: Complete Tutorial",Trading Education & Tutorials,tutorial,forex trading sessions for advanced,1800,NaN,planned
2025-11-05,"Top local payment methods Compared",Account Types & Features,comparison,local payment methods,2000,NaN,planned
2025-11-06,"trading systems vs Tutorial for Beginners",Trading Strategies & Systems,tutorial,trading systems vs,1800,NaN,planned
2025-11-06,"Saudi Arabia forex regulation: Everything You Need to Know",Regulation & Safety,guide,Saudi Arabia forex regulation,2500,NaN,planned
2025-11-09,"professional forex trading career: A Beginner's Guide",Trading Education & Tutorials,how_to,professional forex trading career,1200,NaN,planned
2025-11-09,"Top 5 forex broker reviews cheapest for Traders",Broker Reviews & Comparisons,listicle,forex broker reviews cheapest,1200,NaN,planned
2025-11-10,"How to algorithmic trading for advanced",Trading Education & Tutorials,how_to,algorithmic trading for advanced,1200,NaN,planned
2025-11-10,"How to trading systems for beginners: Step-by-Step Guide",Trading Strategies & Systems,tutorial,trading systems for beginners,1800,NaN,planned
2025-11-11,"forex broker reviews for advanced Review 2025",Broker Reviews & Comparisons,review,forex broker reviews for advanced,1500,NaN,planned
2025-11-11,"best forex trading platform in usa - Complete Comparison Guide",Platform & Tool Reviews,comparison,best forex trading platform in usa,2000,NaN,planned
2025-11-12,"forex trading guide best Tutorial for Beginners",Trading Education & Tutorials,tutorial,forex trading guide best,1800,NaN,planned
2025-11-12,"forex demo account best Explained Simply",Account Types & Features,explanation,forex demo account best,1000,NaN,planned
2025-11-13,"trading systems for beginners: Real Results",Trading Strategies & Systems,case_study,trading systems for beginners,2000,NaN,planned
2025-11-13,"Brazil forex regulation: Everything You Need to Know",Regulation & Safety,guide,Brazil forex regulation,2500,NaN,planned
2025-11-16,"The Ultimate Guide to forex trading guide vs",Trading Education & Tutorials,guide,forex trading guide vs,2500,NaN,planned
2025-11-16,"Top 5 forex broker fees review for Traders",Broker Reviews & Comparisons,listicle,forex broker fees review,1200,NaN,planned
2025-11-17,"learn forex trading top: A Beginner's Guide",Trading Education & Tutorials,how_to,learn forex trading top,1200,NaN,planned
2025-11-17,"Case Study: 5 minute trading strategy Success",Trading Strategies & Systems,case_study,5 minute trading strategy,2000,NaN,planned
2025-11-18,"Top forex broker reviews 2025 Compared",Broker Reviews & Comparisons,comparison,forex broker reviews 2025,2000,NaN,planned
2025-11-18,"Top best forex trading platform for beginners Compared",Platform & Tool Reviews,comparison,best forex trading platform for beginners,2000,NaN,planned
2025-11-19,"best time to trade forex tutorial: A Beginner's Guide",Trading Education & Tutorials,how_to,best time to trade forex tutorial,1200,NaN,planned
2025-11-19,"ecn account step by step: Everything You Need to Know",Account Types & Features,guide,ecn account step by step,2500,NaN,planned
2025-11-20,"Case Study: 5 minute trading strategy Success",Trading Strategies & Systems,case_study,5 minute trading strategy,2000,NaN,planned
2025-11-20,"Australia forex regulation: The Complete List",Regulation & Safety,listicle,Australia forex regulation,1200,NaN,planned
2025-11-23,"Complete forex trading for beginners best Guide for 2025",Trading Education & Tutorials,guide,forex trading for beginners best,2500,NaN,planned
2025-11-23,"ecn forex broker: Pros, Cons, and Verdict",Broker Reviews & Comparisons,review,ecn forex broker review,1500,NaN,planned
2025-11-24,"Step-by-Step: forex trading basics comparison",Trading Education & Tutorials,how_to,forex trading basics comparison,1200,NaN,planned
2025-11-24,"Case Study: trading systems best Success",Trading Strategies & Systems,case_study,trading systems best,2000,NaN,planned
2025-11-25,"Top 5 forex broker comparison review for Traders",Broker Reviews & Comparisons,listicle,forex broker comparison review,1200,NaN,planned
2025-11-25,"Master best forex trading platform cheapest: Complete Tutorial",Platform & Tool Reviews,tutorial,best forex trading platform cheapest,1800,NaN,planned
2025-11-26,"The Ultimate Guide to forex trading basics vs",Trading Education & Tutorials,guide,forex trading basics vs,2500,NaN,planned
2025-11-26,"multiple payment methods - Complete Comparison Guide",Account Types & Features,comparison,multiple payment methods,2000,NaN,planned
2025-11-27,"How to trading systems best: Step-by-Step Guide",Trading Strategies & Systems,tutorial,trading systems best,1800,NaN,planned
2025-11-27,"South Africa forex regulation: What You Need to Know",Regulation & Safety,explanation,South Africa forex regulation,1000,NaN,planned
2025-11-30,"Master best time to trade forex for beginners: Complete Tutorial",Trading Education & Tutorials,tutorial,best time to trade forex for beginners,1800,NaN,planned
2025-11-30,"forex broker reviews comparison Review 2025",Broker Reviews & Comparisons,review,forex broker reviews comparison,1500,NaN,planned
2025-12-01,"How to stop loss for beginners: Step-by-Step Guide",Trading Education & Tutorials,tutorial,stop loss for beginners,1800,NaN,planned
2025-12-01,"trading systems how to Tutorial for Beginners",Trading Strategies & Systems,tutorial,trading systems how to,1800,NaN,planned
2025-12-02,"australian forex brokers review - Complete Comparison Guide",Broker Reviews & Comparisons,comparison,australian forex brokers review,2000,NaN,planned
2025-12-02,"Master best forex trading platform: Complete Tutorial",Platform & Tool Reviews,tutorial,best forex trading platform,1800,NaN,planned
2025-12-03,"Step-by-Step: stop loss for advanced",Trading Education & Tutorials,how_to,stop loss for advanced,1200,NaN,planned
2025-12-03,"live forex account best Explained Simply",Account Types & Features,explanation,live forex account best,1000,NaN,planned
2025-12-04,"The Ultimate Guide to trading systems how to",Trading Strategies & Systems,guide,trading systems how to,2500,NaN,planned
2025-12-04,"Top 5 Canada forex regulation for Traders",Regulation & Safety,listicle,Canada forex regulation,1200,NaN,planned
2025-12-07,"How to forex trading strategies for advanced: Step-by-Step Guide",Trading Education & Tutorials,tutorial,forex trading strategies for advanced,1800,NaN,planned
2025-12-07,"10 Things You Should Know About forex broker ratings review",Broker Reviews & Comparisons,listicle,forex broker ratings review,1200,NaN,planned
2025-12-08,"How to online forex trading for advanced",Trading Education & Tutorials,how_to,online forex trading for advanced,1200,NaN,planned
2025-12-08,"long term trading strategy: Lessons from the Pros",Trading Strategies & Systems,case_study,long term trading strategy,2000,NaN,planned
2025-12-09,"forex broker reviews cheapest - Complete Comparison Guide",Broker Reviews & Comparisons,comparison,forex broker reviews cheapest,2000,NaN,planned
2025-12-09,"Master best forex trading platform guide: Complete Tutorial",Platform & Tool Reviews,tutorial,best forex trading platform guide,1800,NaN,planned
2025-12-10,"algorithmic trading for advanced: A Beginner's Guide",Trading Education & Tutorials,how_to,algorithmic trading for advanced,1200,NaN,planned
2025-12-10,"forex demo account 2025 - Complete Comparison Guide",Account Types & Features,comparison,forex demo account 2025,2000,NaN,planned